{
  "timestamp": "2026-01-02T00:28:26.334958",
  "metrics": {
    "train_accuracy": 0.825,
    "test_accuracy": 0.78,
    "test_f1_score": 0.7799119647859143,
    "n_train": 400,
    "n_test": 100,
    "n_iterations": 21
  }
}